,cost,opt,ratio,time,V,E,R
0,41,41,1.0,0.00040175102185457945,13,15,3
1,44,44,1.0,0.00026799202896654606,14,14,3
2,65,65,1.0,0.0007456869352608919,15,17,7
3,70,70,1.0,0.0003706929855979979,14,16,5
4,36,36,1.0,0.00022742996225133538,7,7,3
5,67,67,1.0,0.00040191999869421124,11,11,5
6,76,76,1.0,0.00043511297553777695,14,14,5
7,89,89,1.0,0.0003746899892576039,12,12,4
8,24,24,1.0,0.0002662999904714525,5,6,4
9,16,16,1.0,0.0002183350152336061,7,9,1
10,8,8,1.0,0.00013162207324057817,4,4,1
11,66,66,1.0,0.0003925100318156183,10,11,7
12,12,12,1.0,0.00016968295676633716,3,3,2
13,73,73,1.0,0.0004821239854209125,14,14,5
14,33,33,1.0,0.00022152403835207224,8,8,2
15,36,36,1.0,0.00028931995620951056,13,13,2
16,34,34,1.0,0.00023573701037093997,15,18,3
17,59,59,1.0,0.00032122101401910186,9,11,4
18,19,19,1.0,0.00030345399864017963,12,13,2
19,72,72,1.0,0.000788860023021698,13,13,6
20,45,45,1.0,0.00030156696448102593,10,12,6
21,8,8,1.0,0.00014752999413758516,7,7,1
22,38,38,1.0,0.0001824739738367498,14,14,3
23,45,45,1.0,0.0005536599783226848,8,10,5
24,56,56,1.0,0.0010485409875400364,10,11,4
25,67,67,1.0,0.0006700720405206084,13,16,7
26,64,64,1.0,0.0003052789834327996,10,10,4
27,70,69,1.0144927536231885,0.00043364602606743574,15,17,4
28,12,12,1.0,0.00014055095380172133,13,13,1
29,57,57,1.0,0.0004591770120896399,8,9,7
30,100,100,1.0,0.0006313459598459303,16,16,7
31,15,15,1.0,0.00016270502237603068,4,5,2
32,8,8,1.0,0.0001293760142289102,4,5,1
33,22,22,1.0,0.00015408301260322332,5,6,2
34,59,59,1.0,0.00036058295518159866,11,13,5
35,46,46,1.0,0.00021667202236130834,6,6,2
36,2,2,1.0,0.0001328189973719418,12,14,1
37,17,17,1.0,0.0003045940538868308,6,7,4
38,20,20,1.0,0.00013053498696535826,4,4,1
39,51,51,1.0,0.00033206300577148795,7,7,4
40,98,98,1.0,0.0003637979971244931,14,14,5
41,24,24,1.0,0.0002288489486090839,5,6,3
42,70,70,1.0,0.00037794403033331037,14,17,5
43,55,55,1.0,0.00018810300389304757,5,6,4
44,63,63,1.0,0.0005057300440967083,14,15,6
45,50,50,1.0,0.0003352710045874119,16,16,3
46,6,6,1.0,0.0003375660162419081,13,15,1
47,73,73,1.0,0.0005730109987780452,9,9,5
48,10,10,1.0,0.00014154001837596297,7,9,1
49,48,48,1.0,0.00020759901963174343,11,11,2
50,8,8,1.0,0.0001255660317838192,3,3,1
51,59,59,1.0,0.00031488598324358463,16,18,5
52,38,38,1.0,0.0008136570686474442,10,11,6
53,16,16,1.0,0.00035555195063352585,10,11,2
54,27,27,1.0,0.0007050149724818766,6,6,2
55,73,73,1.0,0.000392557994928211,13,14,6
56,37,37,1.0,0.00046355603262782097,13,15,3
57,2,2,1.0,0.00013368204236030579,3,3,1
58,23,23,1.0,0.00020967493765056133,7,8,3
59,62,62,1.0,0.0004006659728474915,14,16,6
60,2,2,1.0,0.00014034699415788054,7,7,1
61,74,74,1.0,0.00021516100969165564,13,14,3
62,24,24,1.0,0.00022466894006356597,17,20,2
63,18,18,1.0,0.00013927998952567577,17,17,1
64,54,54,1.0,0.00022818200523033738,13,16,3
65,95,95,1.0,0.0005673449486494064,15,18,7
66,60,57,1.0526315789473684,0.0007253189687617123,14,17,6
67,126,126,1.0,0.0006370770279318094,17,18,6
68,12,12,1.0,0.00016814505215734243,9,10,1
69,24,24,1.0,0.00023104000138118863,16,19,2
70,33,33,1.0,0.00021778896916657686,6,7,2
71,43,43,1.0,0.0002739710034802556,9,10,2
72,42,42,1.0,0.00016695098020136356,5,5,3
73,8,8,1.0,0.00013558403588831425,12,15,1
74,102,102,1.0,0.00037195399636402726,17,19,7
75,89,89,1.0,0.0007315059774555266,11,13,7
76,66,66,1.0,0.00025091698626056314,17,17,3
77,14,14,1.0,0.0001528489519841969,16,19,1
78,70,70,1.0,0.0003477239515632391,9,10,5
79,62,62,1.0,0.00043169601121917367,9,11,3
80,56,56,1.0,0.0006206640391610563,17,19,3
81,13,13,1.0,0.0003036569687537849,4,5,3
82,44,44,1.0,0.0005300540360622108,10,11,7
83,21,21,1.0,0.00023087195586413145,8,9,2
84,64,64,1.0,0.00033752701710909605,17,18,5
85,19,19,1.0,0.00015943002654239535,6,6,2
86,82,82,1.0,0.0008456120267510414,12,12,7
87,49,49,1.0,0.00033768900902941823,8,9,4
88,60,60,1.0,0.0006111389957368374,10,12,7
89,56,54,1.037037037037037,0.0006994709838181734,12,15,5
90,2,2,1.0,0.00017226394265890121,4,5,1
91,30,30,1.0,0.0003188150003552437,6,6,4
92,40,40,1.0,0.00033430999610573053,7,9,5
93,30,30,1.0,0.00030764302937313914,9,10,4
94,65,65,1.0,0.0005198990111239254,9,10,7
95,82,82,1.0,0.0004852539859712124,11,12,4
96,18,18,1.0,0.00023646000772714615,9,11,2
97,25,25,1.0,0.00021224102238193154,3,3,2
98,55,53,1.0377358490566038,0.00045478198444470763,9,10,4
99,68,64,1.0625,0.0005832359311170876,11,12,6
100,6,6,1.0,0.0002468290622346103,13,13,1
101,46,46,1.0,0.00017698801821097732,5,6,4
102,51,51,1.0,0.0002538799890317023,6,7,5
103,12,12,1.0,0.00014638900756835938,3,3,2
104,12,12,1.0,0.00020675803534686565,7,8,1
105,42,42,1.0,0.0002596029662527144,5,6,3
106,10,10,1.0,0.00014168996131047606,16,18,1
107,13,13,1.0,0.00014404300600290298,3,3,2
108,60,60,1.0,0.00021355203352868557,6,6,5
109,66,66,1.0,0.0004195409710519016,15,18,5
110,30,30,1.0,0.00017629400826990604,16,16,3
111,58,58,1.0,0.00036782195093110204,14,14,4
112,10,10,1.0,0.00014206598279997706,7,7,1
113,18,18,1.0,0.00014250900130718946,16,16,1
114,46,46,1.0,0.00044808402890339494,11,11,4
115,4,4,1.0,0.0001490589347667992,9,10,1
116,2,2,1.0,0.00013362901518121362,15,15,1
117,12,12,1.0,0.00013005599612370133,3,3,1
118,79,79,1.0,0.0006659019854851067,8,8,6
119,24,24,1.0,0.0002099419361911714,12,14,2
120,60,60,1.0,0.00032250897493213415,11,12,4
121,65,65,1.0,0.0002664190251380205,13,14,3
122,43,43,1.0,0.0001947440323419869,6,7,5
123,16,16,1.0,0.00018733495380729437,7,7,2
124,50,50,1.0,0.0003457599668763578,12,14,5
125,48,48,1.0,0.00030191801488399506,7,7,3
126,34,34,1.0,0.00020998797845095396,5,5,3
127,74,74,1.0,0.00037428003270179033,11,11,5
128,56,56,1.0,0.0002238180604763329,15,18,3
129,45,45,1.0,0.00032672996167093515,17,20,5
130,16,16,1.0,0.0001936000189743936,5,5,2
131,83,83,1.0,0.0002479860559105873,12,15,5
132,58,56,1.0357142857142858,0.0002799959620460868,12,15,5
133,40,40,1.0,0.0003123980131931603,12,14,4
134,20,20,1.0,0.00013403902994468808,6,7,1
135,58,58,1.0,0.00031159399077296257,10,11,4
136,18,18,1.0,0.00015025504399091005,5,5,2
137,70,69,1.0144927536231885,0.0003885740297846496,15,18,5
138,33,33,1.0,0.00028302002465352416,6,6,5
139,62,62,1.0,0.0002469499595463276,12,12,3
140,14,14,1.0,0.00012979097664356232,4,5,1
141,58,58,1.0,0.0003567580715753138,16,18,4
142,20,20,1.0,0.00013975397450849414,16,17,1
143,20,20,1.0,0.00014982704306021333,12,13,2
144,100,100,1.0,0.00042279495391994715,15,18,5
145,4,4,1.0,0.00014869001461192966,12,14,1
146,30,30,1.0,0.00016501103527843952,5,6,3
147,4,4,1.0,0.00012663198867812753,8,10,1
148,52,52,1.0,0.00024560699239373207,15,18,3
149,61,61,1.0,0.0003743040142580867,9,11,5
150,71,71,1.0,0.0005329280393198133,14,15,6
151,77,77,1.0,0.0003964000497944653,8,9,7
152,78,78,1.0,0.0003806380555033684,13,14,4
153,46,46,1.0,0.000354189018253237,17,18,5
154,101,101,1.0,0.00033974001416936517,16,17,4
155,15,15,1.0,0.00014818599447607994,4,5,2
156,59,59,1.0,0.0005839529912918806,10,12,7
157,32,32,1.0,0.0002177549758926034,15,17,2
158,10,10,1.0,0.0002211370156146586,14,14,1
159,71,69,1.0289855072463767,0.0004466159734874964,14,16,5
160,76,76,1.0,0.00047016399912536144,10,10,7
161,70,70,1.0,0.0004102610400877893,17,19,5
162,38,38,1.0,0.00021814601495862007,7,8,3
163,70,70,1.0,0.0005149689968675375,15,18,4
164,26,26,1.0,0.00026389898266643286,12,15,4
165,10,10,1.0,0.00024313700851053,13,15,1
166,46,46,1.0,0.00032789603574201465,12,14,3
167,52,52,1.0,0.00022052903659641743,11,13,3
168,16,16,1.0,0.00021537899738177657,13,15,1
169,46,46,1.0,0.00020195700926706195,16,16,2
170,48,48,1.0,0.00023269897792488337,6,7,4
171,14,14,1.0,0.0002124370075762272,14,14,1
172,50,50,1.0,0.0005038519739173353,16,17,7
173,10,10,1.0,0.00014402600936591625,13,13,1
174,18,18,1.0,0.0001304729375988245,6,7,1
175,37,36,1.0277777777777777,0.0002434749621897936,14,16,3
176,26,26,1.0,0.00017085194122046232,10,11,3
177,40,40,1.0,0.00023797800531610847,5,5,4
178,64,64,1.0,0.0002291580312885344,15,18,2
179,64,64,1.0,0.0002182779717259109,13,13,3
180,15,15,1.0,0.00015187700046226382,3,3,2
181,53,53,1.0,0.0004981829551979899,12,15,3
182,86,86,1.0,0.0006285710260272026,13,15,7
183,31,31,1.0,0.0001621920382604003,8,9,2
184,82,82,1.0,0.0002156379632651806,15,15,2
185,4,4,1.0,0.0001393060083501041,17,19,1
186,10,10,1.0,0.0001424780348315835,3,3,2
187,57,57,1.0,0.0005645599449053407,16,19,7
188,99,99,1.0,0.000624859007075429,12,13,6
189,98,98,1.0,0.0003854880342260003,16,16,5
190,22,22,1.0,0.0002285330556333065,9,10,2
191,70,70,1.0,0.0003662650706246495,17,18,6
192,16,16,1.0,0.00014157791156321764,3,3,1
193,49,49,1.0,0.0002993620582856238,13,16,3
194,74,74,1.0,0.0004695089883171022,16,16,4
195,73,73,1.0,0.0003494159900583327,17,17,5
196,21,21,1.0,0.00018106901552528143,5,6,4
197,98,98,1.0,0.0006159829790703952,11,11,6
198,20,20,1.0,0.00017119402764365077,10,11,2
199,50,50,1.0,0.0003476860001683235,11,11,4
200,12,12,1.0,0.00016707897884771228,5,5,3
201,32,32,1.0,0.0002151600201614201,12,14,2
202,14,14,1.0,0.0002397070056758821,5,6,3
203,81,81,1.0,0.0005773319280706346,17,19,6
204,22,22,1.0,0.00015377806266769767,4,5,2
205,75,75,1.0,0.00034624908585101366,17,20,3
206,12,12,1.0,0.0001429149997420609,15,15,1
207,34,34,1.0,0.00022007606457918882,11,12,2
208,84,84,1.0,0.00045886600855737925,11,11,7
209,21,21,1.0,0.00017632596427574754,6,6,3
210,57,57,1.0,0.0003296549548394978,8,8,7
211,33,33,1.0,0.0005220380262471735,4,4,2
212,48,48,1.0,0.0002388719585724175,10,12,3
213,57,57,1.0,0.0002515599480830133,12,14,5
214,70,70,1.0,0.0005066050216555595,11,11,7
215,46,46,1.0,0.00023082300322130322,13,13,2
216,91,81,1.123456790123457,0.0006049639778211713,13,15,6
217,57,57,1.0,0.0004536819760687649,9,10,7
218,65,64,1.015625,0.0003521479666233063,16,18,4
219,54,54,1.0,0.0003218899364583194,11,13,5
220,26,26,1.0,0.0002999359858222306,12,14,2
221,20,20,1.0,0.00014167098561301827,13,13,1
222,50,50,1.0,0.0004011979908682406,9,9,6
223,14,14,1.0,0.00015123403863981366,3,3,2
224,20,20,1.0,0.00015374692156910896,3,3,2
225,18,18,1.0,0.000127561972476542,4,5,1
226,61,61,1.0,0.00042885803850367665,12,13,5
227,87,80,1.0875,0.0005628830404020846,12,14,7
228,76,76,1.0,0.0006156539893709123,10,12,6
229,22,22,1.0,0.00015239999629557133,3,3,2
230,106,105,1.0095238095238095,0.00038966198917478323,17,20,4
231,29,29,1.0,0.00019015494035556912,9,9,4
232,55,55,1.0,0.00023455597693100572,11,11,3
233,55,55,1.0,0.000567951996345073,17,20,7
234,114,114,1.0,0.0004913169541396201,17,18,7
235,51,51,1.0,0.00024347403086721897,5,5,4
236,34,34,1.0,0.00021834607468917966,8,9,2
237,68,68,1.0,0.00025797204580157995,16,17,3
238,48,48,1.0,0.00018795504001900554,8,9,4
239,57,57,1.0,0.00033762003295123577,7,7,5
240,86,86,1.0,0.0005883399862796068,13,13,6
241,40,40,1.0,0.00025485700462013483,11,13,3
242,14,14,1.0,0.00014681904576718807,3,3,2
243,37,37,1.0,0.00023351801792159677,6,7,3
244,45,45,1.0,0.0002572780358605087,14,15,4
245,56,56,1.0,0.00024230300914496183,17,20,3
246,40,40,1.0,0.00022723496658727527,11,12,3
247,8,8,1.0,0.0001451309653930366,3,3,2
248,4,4,1.0,0.00012790499022230506,6,7,1
249,16,16,1.0,0.00012039800640195608,5,6,1
250,53,53,1.0,0.0003294320194981992,11,12,4
251,40,40,1.0,0.0002609569928608835,6,7,4
252,16,16,1.0,0.0001408559619449079,16,16,1
253,66,66,1.0,0.00024061906151473522,11,13,3
254,41,41,1.0,0.00024348398437723517,6,7,5
255,54,54,1.0,0.00020148203475400805,15,16,2
256,33,33,1.0,0.00024711800506338477,7,8,3
257,12,12,1.0,0.0001293469686061144,10,11,1
258,8,8,1.0,0.00012592802522704005,6,6,1
259,15,15,1.0,0.00014318496687337756,4,5,2
260,36,36,1.0,0.00034488801611587405,13,14,4
261,18,18,1.0,0.0001510599977336824,3,3,2
262,8,8,1.0,0.000127937993966043,13,16,1
263,30,30,1.0,0.00014293589629232883,4,4,2
264,53,53,1.0,0.00032007397385314107,8,8,5
265,126,126,1.0,0.0009113849955610931,17,17,5
266,10,10,1.0,0.0003018040442839265,17,19,1
267,19,19,1.0,0.00025961099890992045,3,3,2
268,48,48,1.0,0.0003102240152657032,8,8,2
269,13,13,1.0,0.00022315798560157418,6,6,2
270,39,39,1.0,0.00034230598248541355,8,9,7
271,59,59,1.0,0.0004023040528409183,14,14,6
272,39,39,1.0,0.000352436036337167,8,10,4
273,34,34,1.0,0.00015222100773826241,8,10,2
274,12,12,1.0,0.00022807798814028502,7,8,1
275,93,93,1.0,0.0007232649950310588,16,19,7
276,8,8,1.0,0.00015250302385538816,11,11,1
277,40,40,1.0,0.00018108496442437172,10,12,4
278,6,6,1.0,0.00013728899648413062,7,7,1
279,69,69,1.0,0.0002980249118991196,13,13,4
280,107,107,1.0,0.0004748019855469465,17,19,7
281,38,37,1.027027027027027,0.0002946790191344917,6,7,4
282,51,51,1.0,0.00032139901304617524,8,10,3
283,57,57,1.0,0.00030659494223073125,7,9,6
284,23,23,1.0,0.00021011807257309556,9,11,2
285,4,4,1.0,0.000133246008772403,11,12,1
286,17,17,1.0,0.00012681400403380394,3,3,1
287,34,34,1.0,0.00016592495376244187,10,12,2
288,18,18,1.0,0.00013334897812455893,12,15,1
289,52,52,1.0,0.0002424870035611093,8,8,5
290,22,22,1.0,0.0001461539650335908,7,9,2
291,6,6,1.0,0.00020961801055818796,8,8,1
292,34,34,1.0,0.00020417501218616962,9,11,5
293,18,18,1.0,0.0001355890417471528,6,7,1
294,20,20,1.0,0.00014369096606969833,4,5,2
295,30,30,1.0,0.00027427496388554573,5,5,3
296,81,81,1.0,0.0007147329743020236,17,17,7
297,87,87,1.0,0.0006106660002842546,14,14,6
298,53,53,1.0,0.00046386499889194965,9,11,6
299,8,8,1.0,0.000156370981130749,6,7,2
300,59,59,1.0,0.00039368198486045003,9,9,6
301,137,137,1.0,0.0006889720098115504,17,18,7
302,16,16,1.0,0.00018763699335977435,3,3,2
303,44,44,1.0,0.0002157019334845245,6,6,5
304,2,2,1.0,0.00014364405069500208,7,9,1
305,74,74,1.0,0.00036884198198094964,15,17,5
306,22,22,1.0,0.00024194596335291862,13,13,3
307,93,93,1.0,0.0007154199993237853,8,8,7
308,56,56,1.0,0.0005786290275864303,15,18,7
309,13,13,1.0,0.00016889703692868352,3,3,2
310,29,29,1.0,0.00016731297364458442,4,4,3
311,44,44,1.0,0.00020533899078145623,10,10,2
312,32,32,1.0,0.0001721360022202134,16,18,3
313,64,64,1.0,0.0002537110121920705,8,10,5
314,16,16,1.0,0.00015220401110127568,16,19,1
315,88,88,1.0,0.0005406690179370344,16,17,6
316,12,12,1.0,0.00013310997746884823,4,5,1
317,54,54,1.0,0.00032190902857109904,14,17,4
318,44,44,1.0,0.00040118704782798886,10,11,5
319,34,34,1.0,0.00018831505440175533,5,6,4
320,18,18,1.0,0.0001356270513497293,15,17,1
321,14,14,1.0,0.0001414709840901196,3,3,2
322,23,23,1.0,0.00023958494421094656,6,6,4
323,12,12,1.0,0.00012876896653324366,4,4,1
324,92,92,1.0,0.0005357420304790139,17,19,6
325,36,36,1.0,0.0003451000084169209,14,14,5
326,2,2,1.0,0.00013957201736047864,5,5,1
327,26,26,1.0,0.00020417897030711174,6,7,2
328,66,66,1.0,0.0005667160148732364,12,14,7
329,35,35,1.0,0.0004019149928353727,11,13,3
330,28,28,1.0,0.00016800593584775925,12,12,2
331,66,66,1.0,0.0004207309684716165,14,17,4
332,16,16,1.0,0.00014356995234265924,3,3,1
333,14,14,1.0,0.00013142300304025412,4,4,1
334,87,87,1.0,0.00034620403312146664,17,20,5
335,81,81,1.0,0.0005068459431640804,17,18,4
336,40,40,1.0,0.00021481100702658296,17,20,2
337,20,20,1.0,0.0001473589800298214,3,3,2
338,57,57,1.0,0.00018731597810983658,8,8,5
339,14,14,1.0,0.00042178703006356955,7,7,3
340,62,62,1.0,0.00037261703982949257,9,9,5
341,21,21,1.0,0.0001524370163679123,3,3,2
342,30,30,1.0,0.00017623999156057835,4,4,3
343,78,78,1.0,0.0006777130183763802,11,12,6
344,121,121,1.0,0.0004922609659843147,14,14,6
345,62,62,1.0,0.0003715060302056372,11,13,4
346,66,66,1.0,0.00037692394107580185,17,19,4
347,10,10,1.0,0.00015593506395816803,3,3,2
348,40,40,1.0,0.00019475206499919295,7,7,2
349,36,36,1.0,0.0003661820665001869,6,7,5
